{"cameraMode":{"drawMode":0,"name":"Shaded","section":"Shading Mode"},"sceneLighting":true,"audioPlay":false,"sceneViewState":{"showFog":true,"showMaterialUpdate":false,"showSkybox":true,"showFlares":true,"showImageEffects":true,"showParticleSystems":true},"in2DMode":false,"pivot":{"x":5.579585075378418,"y":-1.895522117614746,"z":-1.6717238426208497},"rotation":{"x":0.04485473036766052,"y":0.9173004627227783,"z":-0.1081051379442215,"w":0.38060638308525088},"size":10.0,"orthographic":false}