{"cameraMode":{"drawMode":0,"name":"Shaded","section":"Shading Mode"},"sceneLighting":true,"audioPlay":false,"sceneViewState":{"showFog":true,"showMaterialUpdate":false,"showSkybox":true,"showFlares":true,"showImageEffects":true,"showParticleSystems":true},"in2DMode":false,"pivot":{"x":12.662979125976563,"y":-8.24954605102539,"z":2.367140769958496},"rotation":{"x":0.2570350170135498,"y":0.6383721232414246,"z":-0.239308163523674,"w":0.6850669384002686},"size":20.064550399780275,"orthographic":false}