{"cameraMode":{"drawMode":0,"name":"Shaded","section":"Shading Mode"},"sceneLighting":true,"audioPlay":false,"sceneViewState":{"showFog":true,"showMaterialUpdate":false,"showSkybox":true,"showFlares":true,"showImageEffects":true,"showParticleSystems":true},"in2DMode":false,"pivot":{"x":1.041627287864685,"y":0.4623740613460541,"z":-16.27093505859375},"rotation":{"x":0.003734004683792591,"y":-0.9865930676460266,"z":0.1615559160709381,"w":0.022800428792834283},"size":17.16143035888672,"orthographic":false}