{"cameraMode":{"drawMode":0,"name":"Shaded","section":"Shading Mode"},"sceneLighting":true,"audioPlay":false,"sceneViewState":{"showFog":true,"showMaterialUpdate":false,"showSkybox":false,"showFlares":true,"showImageEffects":true,"showParticleSystems":true},"in2DMode":false,"pivot":{"x":-4.889458656311035,"y":-12.855621337890625,"z":-45.40767288208008},"rotation":{"x":0.00694475369527936,"y":-0.9825368523597717,"z":0.18215325474739076,"w":0.03745977208018303},"size":56.28750228881836,"orthographic":false}